country;code;year;prop_of_pop_with_limited_handwashing_facility
Afghanistan;AFG;2005;25.1546394
Afghanistan;AFG;2006;24.98936461
Afghanistan;AFG;2007;24.96301214
Afghanistan;AFG;2008;24.93653065
Afghanistan;AFG;2009;24.90992034
Afghanistan;AFG;2010;26.54761254
Afghanistan;AFG;2011;28.18516157
Afghanistan;AFG;2012;29.82269542
Afghanistan;AFG;2013;31.46021428
Afghanistan;AFG;2014;33.9772019
Afghanistan;AFG;2015;34.7350875
Afghanistan;AFG;2016;36.37244235
Afghanistan;AFG;2017;38.827579
Afghanistan;AFG;2018;39.64234827
Afghanistan;AFG;2019;41.27479726
Afghanistan;AFG;2020;42.90576034
Afghanistan;AFG;2021;44.53486922
Afghanistan;AFG;2022;46.1623895
Algeria;DZA;2007;7.135529727
Algeria;DZA;2008;7.79711839
Algeria;DZA;2009;7.25384057
Algeria;DZA;2010;6.972174181
Algeria;DZA;2011;6.920305969
Algeria;DZA;2012;7.324398825
Algeria;DZA;2013;7.729931003
Algeria;DZA;2014;8.136750761
Algeria;DZA;2015;8.545003035
Algeria;DZA;2016;8.954535035
Algeria;DZA;2017;9.365491425
Algeria;DZA;2018;9.777720811
Algeria;DZA;2019;10.19129211
Algeria;DZA;2020;10.60612871
Algeria;DZA;2021;11.2222759
Algeria;DZA;2022;10.98452685
Angola;AGO;2012;14.95120072
Angola;AGO;2013;14.96583366
Angola;AGO;2014;14.98036761
Angola;AGO;2015;14.99462181
Angola;AGO;2016;15.863601
Angola;AGO;2017;15.2239286
Angola;AGO;2018;15.3584885
Angola;AGO;2019;15.4906636
Angola;AGO;2020;15.6198522
Armenia;ARM;2000;12.5043091
Armenia;ARM;2001;11.88541367
Armenia;ARM;2002;11.23696535
Armenia;ARM;2003;10.57689911
Armenia;ARM;2004;9.914452076
Armenia;ARM;2005;9.249762166
Armenia;ARM;2006;8.582542002
Armenia;ARM;2007;7.913054097
Armenia;ARM;2008;7.241062186
Armenia;ARM;2009;6.566777312
Armenia;ARM;2010;5.890087886
Armenia;ARM;2011;5.210994351
Armenia;ARM;2012;4.529496059
Armenia;ARM;2013;3.844622183
Armenia;ARM;2014;3.15723833
Armenia;ARM;2015;2.468193577
Armenia;ARM;2016;1.778394214
Armenia;ARM;2017;1.8870578
Armenia;ARM;2018;0.709894823
Armenia;ARM;2019;0.710681754
Armenia;ARM;2020;0.711738458
Armenia;ARM;2021;0.713064994
Armenia;ARM;2022;0.714661329
Azerbaijan;AZE;2009;9.217748655
Azerbaijan;AZE;2010;9.211653519
Azerbaijan;AZE;2011;9.205134501
Azerbaijan;AZE;2012;9.198193139
Azerbaijan;AZE;2013;9.190799507
Azerbaijan;AZE;2014;9.182982827
Azerbaijan;AZE;2015;9.174742838
Azerbaijan;AZE;2016;9.166079757
Azerbaijan;AZE;2017;9.156993433
Bahrain;BHR;2000;0.
Bahrain;BHR;2001;0.
Bahrain;BHR;2002;0.
Bahrain;BHR;2003;0.
Bahrain;BHR;2004;0.
Bahrain;BHR;2005;0.
Bahrain;BHR;2006;0.
Bahrain;BHR;2007;0.
Bahrain;BHR;2008;0.
Bahrain;BHR;2009;0.
Bahrain;BHR;2010;0.
Bahrain;BHR;2011;0.
Bahrain;BHR;2012;0.
Bahrain;BHR;2013;0.
Bahrain;BHR;2014;0.
Bahrain;BHR;2015;0.
Bahrain;BHR;2016;0.
Bahrain;BHR;2017;0.
Bahrain;BHR;2018;0.
Bahrain;BHR;2019;0.
Bahrain;BHR;2020;0.
Bahrain;BHR;2021;0.
Bahrain;BHR;2022;0.
Bangladesh;BGD;2005;65.25795335
Bangladesh;BGD;2006;65.9097852
Bangladesh;BGD;2007;64.92117604
Bangladesh;BGD;2008;64.74877741
Bangladesh;BGD;2009;64.57402154
Bangladesh;BGD;2010;61.82912098
Bangladesh;BGD;2011;59.10298209
Bangladesh;BGD;2012;56.39700247
Bangladesh;BGD;2013;53.71210308
Bangladesh;BGD;2014;51.4783116
Bangladesh;BGD;2015;48.40495834
Bangladesh;BGD;2016;45.78321185
Bangladesh;BGD;2017;43.1829198
Bangladesh;BGD;2018;40.60419926
Bangladesh;BGD;2019;38.4700414
Bangladesh;BGD;2020;35.51129375
Bangladesh;BGD;2021;32.99716817
Bangladesh;BGD;2022;32.94383501
Barbados;BRB;2008;2.35315667
Barbados;BRB;2009;2.35315667
Barbados;BRB;2010;2.35315667
Barbados;BRB;2011;2.35315667
Barbados;BRB;2012;2.35315667
Barbados;BRB;2013;2.35315667
Barbados;BRB;2014;2.35315667
Barbados;BRB;2015;2.35315667
Barbados;BRB;2016;2.35315667
Belize;BLZ;2005;0.276877324
Belize;BLZ;2006;0.276773469
Belize;BLZ;2007;0.276669566
Belize;BLZ;2008;0.276565705
Belize;BLZ;2009;0.276461815
Belize;BLZ;2010;0.772543272
Belize;BLZ;2011;1.91944017
Belize;BLZ;2012;3.21225091
Belize;BLZ;2013;4.50509607
Belize;BLZ;2014;5.797777027
Belize;BLZ;2015;7.90113247
Belize;BLZ;2016;8.381913144
Belize;BLZ;2017;9.656708125
Belize;BLZ;2018;9.734907945
Belize;BLZ;2019;9.730006151
Belize;BLZ;2020;9.724517487
Belize;BLZ;2021;9.718441532
Belize;BLZ;2022;9.711710295
Benin;BEN;2014;47.61998962
Benin;BEN;2015;47.6937048
Benin;BEN;2016;46.5164522
Benin;BEN;2017;45.96120432
Benin;BEN;2018;45.40360695
Benin;BEN;2019;44.84362639
Benin;BEN;2020;44.28123944
Benin;BEN;2021;44.23744902
Benin;BEN;2022;44.19326473
Bhutan;BTN;2004;21.70392179
Bhutan;BTN;2005;21.5635651
Bhutan;BTN;2006;21.47078199
Bhutan;BTN;2007;21.3767563
Bhutan;BTN;2008;21.28148761
Bhutan;BTN;2009;20.2030644
Bhutan;BTN;2010;18.78091341
Bhutan;BTN;2011;17.56370398
Bhutan;BTN;2012;16.37005832
Bhutan;BTN;2013;15.1998149
Bhutan;BTN;2014;14.5266021
Bhutan;BTN;2015;12.92819878
Bhutan;BTN;2016;11.82604175
Bhutan;BTN;2017;10.74574459
Bhutan;BTN;2018;9.686823309
Bhutan;BTN;2019;8.648796495
Bhutan;BTN;2020;7.631077193
Bhutan;BTN;2021;6.633162317
Bhutan;BTN;2022;6.677873737
Bolivia, Plurinational State of;BOL;2010;13.76951461
Bolivia, Plurinational State of;BOL;2011;13.68796201
Bolivia, Plurinational State of;BOL;2012;13.60695918
Bolivia, Plurinational State of;BOL;2013;13.53642729
Bolivia, Plurinational State of;BOL;2014;13.47250654
Bolivia, Plurinational State of;BOL;2015;13.40895396
Bolivia, Plurinational State of;BOL;2016;13.34558344
Bolivia, Plurinational State of;BOL;2017;13.2827659
Bolivia, Plurinational State of;BOL;2018;13.2193968
Bolivia, Plurinational State of;BOL;2019;13.15547609
Bolivia, Plurinational State of;BOL;2020;13.9118911
Bolivia, Plurinational State of;BOL;2021;13.2653364
Bolivia, Plurinational State of;BOL;2022;12.96132764
Bosnia and Herzegovina;BIH;2008;1.579901513
Bosnia and Herzegovina;BIH;2009;1.574580487
Bosnia and Herzegovina;BIH;2010;1.569259516
Bosnia and Herzegovina;BIH;2011;1.563921882
Bosnia and Herzegovina;BIH;2012;1.558567468
Bosnia and Herzegovina;BIH;2013;1.553229806
Bosnia and Herzegovina;BIH;2014;1.547875396
Bosnia and Herzegovina;BIH;2015;1.542320871
Bosnia and Herzegovina;BIH;2016;1.536566194
Burkina Faso;BFA;2000;92.89080095
Burkina Faso;BFA;2001;92.73722301
Burkina Faso;BFA;2002;92.56455028
Burkina Faso;BFA;2003;91.24292743
Burkina Faso;BFA;2004;87.32091488
Burkina Faso;BFA;2005;83.41602327
Burkina Faso;BFA;2006;79.52850686
Burkina Faso;BFA;2007;75.68460773
Burkina Faso;BFA;2008;71.87486799
Burkina Faso;BFA;2009;68.7875527
Burkina Faso;BFA;2010;64.29632269
Burkina Faso;BFA;2011;60.52794357
Burkina Faso;BFA;2012;56.77405756
Burkina Faso;BFA;2013;53.3499012
Burkina Faso;BFA;2014;49.31100807
Burkina Faso;BFA;2015;45.60252108
Burkina Faso;BFA;2016;41.90985017
Burkina Faso;BFA;2017;38.23337012
Burkina Faso;BFA;2018;34.57327953
Burkina Faso;BFA;2019;30.92983305
Burkina Faso;BFA;2020;27.30326289
Burkina Faso;BFA;2021;27.31807994
Burkina Faso;BFA;2022;27.33299058
Burundi;BDI;2004;85.93736696
Burundi;BDI;2005;85.89266194
Burundi;BDI;2006;85.84682086
Burundi;BDI;2007;85.80003455
Burundi;BDI;2008;85.75192147
Burundi;BDI;2009;86.5049499
Burundi;BDI;2010;87.25852284
Burundi;BDI;2011;88.1291149
Burundi;BDI;2012;88.76836754
Burundi;BDI;2013;89.52445874
Burundi;BDI;2014;90.28178734
Burundi;BDI;2015;91.4009066
Burundi;BDI;2016;91.79946308
Burundi;BDI;2017;92.55999735
Burundi;BDI;2018;93.3132402
Burundi;BDI;2019;93.8571231
Burundi;BDI;2020;93.80482299
Burundi;BDI;2021;93.75130662
Burundi;BDI;2022;93.69641256
Cambodia;KHM;2008;14.99316667
Cambodia;KHM;2009;14.95154991
Cambodia;KHM;2010;14.90935348
Cambodia;KHM;2011;14.86657793
Cambodia;KHM;2012;14.82322214
Cambodia;KHM;2013;13.98785053
Cambodia;KHM;2014;13.15905206
Cambodia;KHM;2015;12.3370854
Cambodia;KHM;2016;11.5220924
Cambodia;KHM;2017;10.71428343
Cambodia;KHM;2018;9.913416479
Cambodia;KHM;2019;9.11982677
Cambodia;KHM;2020;8.333728532
Cambodia;KHM;2021;7.55543643
Cambodia;KHM;2022;6.785185257
Cameroon;CMR;2015;60.43617254
Cameroon;CMR;2016;60.29011883
Cameroon;CMR;2017;60.14479386
Cameroon;CMR;2018;59.99970927
Cameroon;CMR;2019;59.8553551
Cameroon;CMR;2020;59.71148613
Cameroon;CMR;2021;59.56859026
Cameroon;CMR;2022;59.4264267
Central African Republic;CAF;2004;3.239214444
Central African Republic;CAF;2005;3.242017143
Central African Republic;CAF;2006;3.245391148
Central African Republic;CAF;2007;3.249363874
Central African Republic;CAF;2008;3.253908153
Central African Republic;CAF;2009;4.276503326
Central African Republic;CAF;2010;5.298864099
Central African Republic;CAF;2011;6.320838829
Central African Republic;CAF;2012;7.342321293
Central African Republic;CAF;2013;8.363180498
Central African Republic;CAF;2014;9.383270395
Central African Republic;CAF;2015;10.40247965
Central African Republic;CAF;2016;11.42068874
Central African Republic;CAF;2017;12.43774152
Central African Republic;CAF;2018;13.45352072
Central African Republic;CAF;2019;14.46789548
Central African Republic;CAF;2020;15.48073521
Central African Republic;CAF;2021;16.49190871
Central African Republic;CAF;2022;16.49258301
Chad;TCD;2004;20.45193115
Chad;TCD;2005;20.44932419
Chad;TCD;2006;20.44671667
Chad;TCD;2007;20.44402987
Chad;TCD;2008;20.44142293
Chad;TCD;2009;21.27541022
Chad;TCD;2010;22.10846952
Chad;TCD;2011;22.94086762
Chad;TCD;2012;23.7728056
Chad;TCD;2013;24.60461453
Chad;TCD;2014;25.43655872
Chad;TCD;2015;26.26885572
Chad;TCD;2016;27.10178395
Chad;TCD;2017;27.93561809
Chad;TCD;2018;28.77060674
Chad;TCD;2019;29.60706822
Chad;TCD;2020;30.4452356
Chad;TCD;2021;31.28543333
Chad;TCD;2022;31.28099164
China;CHN;2017;2.87712007
China;CHN;2018;2.843743926
China;CHN;2019;2.811376163
China;CHN;2020;2.780016092
China;CHN;2021;2.74966403
China;CHN;2022;2.72032
Colombia;COL;2011;4.54855049
Colombia;COL;2012;4.51792596
Colombia;COL;2013;4.48780964
Colombia;COL;2014;4.45819192
Colombia;COL;2015;4.42899194
Colombia;COL;2016;4.40021127
Colombia;COL;2017;4.37193232
Colombia;COL;2018;4.34415512
Colombia;COL;2019;4.31688026
Colombia;COL;2020;4.29002587
Colombia;COL;2021;4.26367034
Colombia;COL;2022;4.23773304
Comoros;COM;2008;35.39824118
Comoros;COM;2009;35.40136621
Comoros;COM;2010;35.40600821
Comoros;COM;2011;35.41199112
Comoros;COM;2012;35.41940405
Comoros;COM;2013;35.42833337
Comoros;COM;2014;35.43860086
Comoros;COM;2015;35.45038906
Comoros;COM;2016;35.46369378
Congo;COG;2011;34.45070691
Congo;COG;2012;34.3874394
Congo;COG;2013;34.32403551
Congo;COG;2014;34.26062948
Congo;COG;2015;34.19722447
Congo;COG;2016;34.1338205
Congo;COG;2017;34.7041526
Congo;COG;2018;34.714781
Congo;COG;2019;33.94388074
Costa Rica;CRI;2005;10.32464994
Costa Rica;CRI;2006;10.29651562
Costa Rica;CRI;2007;10.26891641
Costa Rica;CRI;2008;10.24182899
Costa Rica;CRI;2009;10.21543257
Costa Rica;CRI;2010;10.14806678
Costa Rica;CRI;2011;10.8012552
Costa Rica;CRI;2012;10.1225422
Costa Rica;CRI;2013;9.944539245
Costa Rica;CRI;2014;9.877043212
Costa Rica;CRI;2015;9.809775782
Costa Rica;CRI;2016;9.742764798
Costa Rica;CRI;2017;9.676089377
Costa Rica;CRI;2018;9.609744501
Costa Rica;CRI;2019;9.543775922
Costa Rica;CRI;2020;9.478169402
Costa Rica;CRI;2021;9.459721755
Costa Rica;CRI;2022;9.442317938
Cuba;CUB;2008;11.262655
Cuba;CUB;2009;11.254424
Cuba;CUB;2010;11.2462022
Cuba;CUB;2011;11.2379646
Cuba;CUB;2012;11.2297372
Cuba;CUB;2013;10.54559752
Cuba;CUB;2014;10.6767715
Cuba;CUB;2015;9.589067413
Cuba;CUB;2016;9.109833003
Cuba;CUB;2017;8.629207633
Cuba;CUB;2018;8.146816813
Cuba;CUB;2019;7.662362372
Cuba;CUB;2020;7.137128751
Cuba;CUB;2021;6.199339179
Cuba;CUB;2022;6.191291756
Ivory Coast;CIV;2006;35.97921028
Ivory Coast;CIV;2007;36.1046989
Ivory Coast;CIV;2008;36.4180668
Ivory Coast;CIV;2009;36.7306792
Ivory Coast;CIV;2010;36.10440177
Ivory Coast;CIV;2011;36.31716924
Ivory Coast;CIV;2012;36.50220563
Ivory Coast;CIV;2013;36.65951074
Ivory Coast;CIV;2014;36.78908569
Ivory Coast;CIV;2015;36.89011962
Ivory Coast;CIV;2016;36.96196774
Ivory Coast;CIV;2017;37.378308
Ivory Coast;CIV;2018;37.1477727
Ivory Coast;CIV;2019;36.99437835
Ivory Coast;CIV;2020;36.9418986
Ivory Coast;CIV;2021;36.82115272
Ivory Coast;CIV;2022;36.69862233
Congo, the Democratic Republic of the;COD;2014;38.45762692
Congo, the Democratic Republic of the;COD;2015;38.45019773
Congo, the Democratic Republic of the;COD;2016;38.44267319
Congo, the Democratic Republic of the;COD;2017;38.43507076
Congo, the Democratic Republic of the;COD;2018;38.42737334
Congo, the Democratic Republic of the;COD;2019;38.41959979
Congo, the Democratic Republic of the;COD;2020;38.41174458
Congo, the Democratic Republic of the;COD;2021;38.4038245
Congo, the Democratic Republic of the;COD;2022;38.39583528
Dominican Republic;DOM;2008;15.49924716
Dominican Republic;DOM;2009;15.5026635
Dominican Republic;DOM;2010;15.50599466
Dominican Republic;DOM;2011;15.50894835
Dominican Republic;DOM;2012;15.51163025
Dominican Republic;DOM;2013;15.3719169
Dominican Republic;DOM;2014;15.22888414
Dominican Republic;DOM;2015;15.8266742
Dominican Republic;DOM;2016;14.93340452
Dominican Republic;DOM;2017;14.78124848
Dominican Republic;DOM;2018;14.62647327
Dominican Republic;DOM;2019;14.46929873
Dominican Republic;DOM;2020;14.3099447
Dominican Republic;DOM;2021;14.14858997
Dominican Republic;DOM;2022;14.14026197
Ecuador;ECU;2010;9.58313318
Ecuador;ECU;2011;9.566155992
Ecuador;ECU;2012;9.551708906
Ecuador;ECU;2013;9.537262121
Ecuador;ECU;2014;9.522920598
Ecuador;ECU;2015;9.508474426
Ecuador;ECU;2016;9.494132865
Ecuador;ECU;2017;9.479791228
Ecuador;ECU;2018;9.463868328
Ecuador;ECU;2019;9.446468897
Ecuador;ECU;2020;9.427487841
Ecuador;ECU;2021;9.406924508
Ecuador;ECU;2022;9.384885377
Egypt;EGY;2000;15.68170328
Egypt;EGY;2001;15.34886303
Egypt;EGY;2002;15.1616033
Egypt;EGY;2003;14.68359731
Egypt;EGY;2004;14.35117348
Egypt;EGY;2005;14.1888929
Egypt;EGY;2006;13.68674332
Egypt;EGY;2007;13.35868867
Egypt;EGY;2008;13.3302319
Egypt;EGY;2009;12.70720306
Egypt;EGY;2010;12.38141732
Egypt;EGY;2011;12.5548111
Egypt;EGY;2012;11.73259761
Egypt;EGY;2013;11.40946315
Egypt;EGY;2014;11.8625541
Egypt;EGY;2015;10.7628843
Egypt;EGY;2016;9.502749054
Egypt;EGY;2017;9.504544155
Egypt;EGY;2018;9.504610496
Egypt;EGY;2019;9.502882294
Egypt;EGY;2020;9.499359248
El Salvador;SLV;2010;6.92292683
El Salvador;SLV;2011;6.881937965
El Salvador;SLV;2012;6.841465454
El Salvador;SLV;2013;6.801603283
El Salvador;SLV;2014;6.762257916
El Salvador;SLV;2015;6.723475754
El Salvador;SLV;2016;6.685867482
El Salvador;SLV;2017;6.649526603
El Salvador;SLV;2018;6.614406972
Equatorial Guinea;GNQ;2007;22.63429782
Equatorial Guinea;GNQ;2008;22.5811465
Equatorial Guinea;GNQ;2009;22.52902806
Equatorial Guinea;GNQ;2010;22.47791305
Equatorial Guinea;GNQ;2011;22.42789538
Equatorial Guinea;GNQ;2012;22.37904076
Equatorial Guinea;GNQ;2013;22.36146347
Equatorial Guinea;GNQ;2014;22.34404797
Equatorial Guinea;GNQ;2015;22.32682625
Swaziland;SWZ;2004;31.50672978
Swaziland;SWZ;2005;31.51500543
Swaziland;SWZ;2006;31.52328197
Swaziland;SWZ;2007;31.52851833
Swaziland;SWZ;2008;31.51455308
Swaziland;SWZ;2009;31.50052247
Swaziland;SWZ;2010;31.48642816
Swaziland;SWZ;2011;31.47220487
Swaziland;SWZ;2012;31.46257145
Swaziland;SWZ;2013;31.45287332
Swaziland;SWZ;2014;31.44317573
Swaziland;SWZ;2015;31.43341339
Swaziland;SWZ;2016;31.423133
Swaziland;SWZ;2017;31.41239931
Swaziland;SWZ;2018;31.4011503
Swaziland;SWZ;2019;31.38938317
Swaziland;SWZ;2020;31.37709864
Ethiopia;ETH;2010;53.37395979
Ethiopia;ETH;2011;53.40481551
Ethiopia;ETH;2012;53.43634377
Ethiopia;ETH;2013;53.46712368
Ethiopia;ETH;2014;53.49849962
Ethiopia;ETH;2015;53.53039546
Ethiopia;ETH;2016;53.56288125
Ethiopia;ETH;2017;53.59581586
Ethiopia;ETH;2018;53.62941681
Ethiopia;ETH;2019;53.66368627
Ethiopia;ETH;2020;53.69854784
Ethiopia;ETH;2021;53.73407733
Ethiopia;ETH;2022;53.77019864
Fiji;FJI;2017;11.2472296
Fiji;FJI;2018;11.20248956
Fiji;FJI;2019;11.15810197
Fiji;FJI;2020;11.11415683
Fiji;FJI;2021;11.705656
Fiji;FJI;2022;11.2732825
Gambia;GMB;2012;78.60478639
Gambia;GMB;2013;78.5851311
Gambia;GMB;2014;78.56566748
Gambia;GMB;2015;78.54642353
Gambia;GMB;2016;78.52745175
Gambia;GMB;2017;78.50872806
Gambia;GMB;2018;78.49028315
Gambia;GMB;2019;78.47211013
Gambia;GMB;2020;78.4542147
Gambia;GMB;2021;78.43661675
Gambia;GMB;2022;78.41929983
Georgia;GEO;2014;7.36950582
Georgia;GEO;2015;7.10616107
Georgia;GEO;2016;6.983728464
Georgia;GEO;2017;6.956495496
Georgia;GEO;2018;6.928778831
Georgia;GEO;2019;6.900646743
Georgia;GEO;2020;6.872031383
Georgia;GEO;2021;6.843070409
Georgia;GEO;2022;6.813694857
Ghana;GHA;2011;36.89973514
Ghana;GHA;2012;36.86212964
Ghana;GHA;2013;36.82474285
Ghana;GHA;2014;36.78757995
Ghana;GHA;2015;36.75063646
Ghana;GHA;2016;36.71391592
Ghana;GHA;2017;36.67747219
Ghana;GHA;2018;36.64130523
Ghana;GHA;2019;36.60547078
Ghana;GHA;2020;36.56991231
Ghana;GHA;2021;36.53468902
Ghana;GHA;2022;36.49979488
Guatemala;GTM;2011;21.576888
Guatemala;GTM;2012;20.96713239
Guatemala;GTM;2013;20.92694537
Guatemala;GTM;2014;20.88520769
Guatemala;GTM;2015;20.84166062
Guatemala;GTM;2016;20.79669276
Guatemala;GTM;2017;20.75004476
Guatemala;GTM;2018;20.7017173
Guatemala;GTM;2019;20.65196714
Guinea;GIN;2014;51.45761676
Guinea;GIN;2015;51.41314135
Guinea;GIN;2016;51.36662762
Guinea;GIN;2017;51.31806897
Guinea;GIN;2018;51.26747071
Guinea;GIN;2019;51.21497555
Guinea;GIN;2020;51.16029459
Guinea;GIN;2021;51.10356881
Guinea;GIN;2022;51.446608
Guinea-Bissau;GNB;2004;0.440484751
Guinea-Bissau;GNB;2005;0.444974501
Guinea-Bissau;GNB;2006;0.449499249
Guinea-Bissau;GNB;2007;0.454035655
Guinea-Bissau;GNB;2008;0.458595341
Guinea-Bissau;GNB;2009;1.300173523
Guinea-Bissau;GNB;2010;2.350258973
Guinea-Bissau;GNB;2011;3.400827178
Guinea-Bissau;GNB;2012;4.451899265
Guinea-Bissau;GNB;2013;5.503462518
Guinea-Bissau;GNB;2014;6.555538011
Guinea-Bissau;GNB;2015;7.608131985
Guinea-Bissau;GNB;2016;8.661229281
Guinea-Bissau;GNB;2017;9.714832976
Guinea-Bissau;GNB;2018;10.76896891
Guinea-Bissau;GNB;2019;11.82361831
Guinea-Bissau;GNB;2020;12.87878629
Guinea-Bissau;GNB;2021;13.93447613
Guinea-Bissau;GNB;2022;13.94400974
Guyana;GUY;2008;10.92846075
Guyana;GUY;2009;10.94082153
Guyana;GUY;2010;10.9531302
Guyana;GUY;2011;10.96538679
Guyana;GUY;2012;10.96538635
Guyana;GUY;2013;10.89113902
Guyana;GUY;2014;10.81649101
Guyana;GUY;2015;10.7419614
Guyana;GUY;2016;10.6680088
Guyana;GUY;2017;10.5951422
Guyana;GUY;2018;10.52383882
Guyana;GUY;2019;10.45462172
Guyana;GUY;2020;10.38798438
Guyana;GUY;2021;10.32442725
Guyana;GUY;2022;10.26445044
Haiti;HTI;2006;35.41857066
Haiti;HTI;2007;35.3485467
Haiti;HTI;2008;35.27801601
Haiti;HTI;2009;35.20748579
Haiti;HTI;2010;35.13666516
Haiti;HTI;2011;38.84451916
Haiti;HTI;2012;42.56155598
Haiti;HTI;2013;46.28803403
Haiti;HTI;2014;50.2377271
Haiti;HTI;2015;53.76887298
Haiti;HTI;2016;57.52389843
Haiti;HTI;2017;61.28883923
Haiti;HTI;2018;65.6339463
Haiti;HTI;2019;68.84730893
Haiti;HTI;2020;68.82080904
Haiti;HTI;2021;68.79489953
Haiti;HTI;2022;68.76957963
Honduras;HND;2006;9.685757769
Honduras;HND;2007;9.613943284
Honduras;HND;2008;9.542019913
Honduras;HND;2009;9.47031368
Honduras;HND;2010;9.398499083
Honduras;HND;2011;9.847475074
Honduras;HND;2012;10.31041938
Honduras;HND;2013;10.78766887
Honduras;HND;2014;11.27892978
Honduras;HND;2015;11.78448112
Honduras;HND;2016;12.30407105
Honduras;HND;2017;12.83763934
Honduras;HND;2018;13.3850792
Honduras;HND;2019;13.94623095
Honduras;HND;2020;14.50076314
Honduras;HND;2021;14.60132814
Honduras;HND;2022;14.60136672
India;IND;2010;38.11606158
India;IND;2011;38.2585817
India;IND;2012;37.93252848
India;IND;2013;37.83632942
India;IND;2014;37.73700256
India;IND;2015;35.52869176
India;IND;2016;33.3270369
India;IND;2017;31.13225162
India;IND;2018;28.94501644
India;IND;2019;26.76576586
India;IND;2020;24.59493737
India;IND;2021;22.43278839
India;IND;2022;20.27995471
Indonesia;IDN;2006;0.517235697
Indonesia;IDN;2007;0.513787064
Indonesia;IDN;2008;0.510325429
Indonesia;IDN;2009;0.506868129
Indonesia;IDN;2010;0.503493051
Indonesia;IDN;2011;2.934880749
Indonesia;IDN;2012;5.352900286
Indonesia;IDN;2013;7.757619125
Indonesia;IDN;2014;10.14896553
Indonesia;IDN;2015;12.5270705
Indonesia;IDN;2016;14.89199224
Indonesia;IDN;2017;17.24408195
Indonesia;IDN;2018;19.58335086
Indonesia;IDN;2019;21.58415461
Indonesia;IDN;2020;21.37761436
Indonesia;IDN;2021;21.18794525
Indonesia;IDN;2022;21.1477767
Iraq;IRQ;2005;3.875753541
Iraq;IRQ;2006;3.873193252
Iraq;IRQ;2007;3.870584876
Iraq;IRQ;2008;3.867976307
Iraq;IRQ;2009;3.865416044
Iraq;IRQ;2010;3.776147393
Iraq;IRQ;2011;3.685581185
Iraq;IRQ;2012;3.595787299
Iraq;IRQ;2013;3.506759578
Iraq;IRQ;2014;3.418453756
Iraq;IRQ;2015;3.330869815
Iraq;IRQ;2016;3.243679952
Iraq;IRQ;2017;3.156920145
Iraq;IRQ;2018;3.7066338
Iraq;IRQ;2019;2.985008805
Iraq;IRQ;2020;2.472732224
Iraq;IRQ;2021;2.470639322
Iraq;IRQ;2022;2.468463053
Jamaica;JAM;2007;16.14929814
Jamaica;JAM;2008;16.14177708
Jamaica;JAM;2009;16.13429517
Jamaica;JAM;2010;16.12681373
Jamaica;JAM;2011;16.11929227
Jamaica;JAM;2012;16.11116684
Jamaica;JAM;2013;16.10239824
Jamaica;JAM;2014;16.9298556
Jamaica;JAM;2015;16.8297065
Kazakhstan;KAZ;2011;0.755477226
Kazakhstan;KAZ;2012;0.755321512
Kazakhstan;KAZ;2013;0.755165784
Kazakhstan;KAZ;2014;0.755012175
Kazakhstan;KAZ;2015;0.75485645
Kazakhstan;KAZ;2016;0.754700726
Kazakhstan;KAZ;2017;0.754547115
Kazakhstan;KAZ;2018;0.754350846
Kazakhstan;KAZ;2019;0.754111951
Kenya;KEN;2011;28.31913539
Kenya;KEN;2012;28.33486168
Kenya;KEN;2013;28.35101268
Kenya;KEN;2014;28.36751227
Kenya;KEN;2015;28.3843965
Kenya;KEN;2016;28.40166867
Kenya;KEN;2017;28.41932618
Kenya;KEN;2018;28.43741052
Kenya;KEN;2019;28.4558418
Kenya;KEN;2020;28.47469676
Kenya;KEN;2021;28.49394061
Kenya;KEN;2022;28.51360805
Kiribati;KIR;2015;30.6873506
Kiribati;KIR;2016;30.66877991
Kiribati;KIR;2017;30.65063569
Kiribati;KIR;2018;30.63287012
Kiribati;KIR;2019;30.61548487
Kiribati;KIR;2020;30.59852517
Kiribati;KIR;2021;30.5819674
Kiribati;KIR;2022;30.56581074
Kyrgyzstan;KGZ;2006;13.57516312
Kyrgyzstan;KGZ;2007;13.57534285
Kyrgyzstan;KGZ;2008;13.57552211
Kyrgyzstan;KGZ;2009;13.57561189
Kyrgyzstan;KGZ;2010;13.57363641
Kyrgyzstan;KGZ;2011;12.27057758
Kyrgyzstan;KGZ;2012;10.96655592
Kyrgyzstan;KGZ;2013;9.662373613
Kyrgyzstan;KGZ;2014;8.358600035
Kyrgyzstan;KGZ;2015;7.55884701
Kyrgyzstan;KGZ;2016;5.754841734
Kyrgyzstan;KGZ;2017;4.45617492
Kyrgyzstan;KGZ;2018;3.160516234
Kyrgyzstan;KGZ;2019;1.711518423
Kyrgyzstan;KGZ;2020;0.150785022
Kyrgyzstan;KGZ;2021;0.151971477
Kyrgyzstan;KGZ;2022;0.153260205
Lao People's Democratic Republic;LAO;2013;35.51816978
Lao People's Democratic Republic;LAO;2014;35.36622873
Lao People's Democratic Republic;LAO;2015;35.21280358
Lao People's Democratic Republic;LAO;2016;35.576501
Lao People's Democratic Republic;LAO;2017;34.90151099
Lao People's Democratic Republic;LAO;2018;34.74438004
Lao People's Democratic Republic;LAO;2019;34.58601676
Lao People's Democratic Republic;LAO;2020;34.42666126
Lao People's Democratic Republic;LAO;2021;34.26632017
Lesotho;LSO;2008;43.30029599
Lesotho;LSO;2009;43.28973383
Lesotho;LSO;2010;43.27900574
Lesotho;LSO;2011;43.26812603
Lesotho;LSO;2012;43.25975348
Lesotho;LSO;2013;43.25131962
Lesotho;LSO;2014;43.24279875
Lesotho;LSO;2015;43.23417201
Lesotho;LSO;2016;43.22548074
Lesotho;LSO;2017;43.21670774
Lesotho;LSO;2018;43.20772041
Lesotho;LSO;2019;43.19854011
Lesotho;LSO;2020;43.18912632
Lesotho;LSO;2021;43.17952357
Lesotho;LSO;2022;43.16968648
Liberia;LBR;2007;0.
Liberia;LBR;2008;0.
Liberia;LBR;2009;0.
Liberia;LBR;2010;0.
Liberia;LBR;2011;0.
Liberia;LBR;2012;0.
Liberia;LBR;2013;1.413568889
Liberia;LBR;2014;3.81258844
Liberia;LBR;2015;6.225129529
Liberia;LBR;2016;8.651718511
Liberia;LBR;2017;11.9275298
Liberia;LBR;2018;13.54882487
Liberia;LBR;2019;16.2036567
Liberia;LBR;2020;18.50785249
Liberia;LBR;2021;21.1176643
Liberia;LBR;2022;23.53229425
Madagascar;MDG;2000;40.6138636
Madagascar;MDG;2001;40.4304543
Madagascar;MDG;2002;40.2456758
Madagascar;MDG;2003;40.98672103
Madagascar;MDG;2004;41.94797528
Madagascar;MDG;2005;42.8848194
Madagascar;MDG;2006;43.81940355
Madagascar;MDG;2007;44.75176771
Madagascar;MDG;2008;45.68172838
Madagascar;MDG;2009;46.60964075
Madagascar;MDG;2010;47.53532915
Madagascar;MDG;2011;48.45884545
Madagascar;MDG;2012;49.38017259
Madagascar;MDG;2013;50.29937297
Madagascar;MDG;2014;51.2163412
Madagascar;MDG;2015;52.13123411
Madagascar;MDG;2016;53.4394637
Madagascar;MDG;2017;53.95455725
Madagascar;MDG;2018;54.86304264
Madagascar;MDG;2019;55.76958606
Madagascar;MDG;2020;56.67398952
Madagascar;MDG;2021;57.57652727
Madagascar;MDG;2022;58.47700585
Malawi;MWI;2000;75.85469777
Malawi;MWI;2001;75.18886447
Malawi;MWI;2002;74.52387802
Malawi;MWI;2003;73.85962711
Malawi;MWI;2004;73.19623449
Malawi;MWI;2005;72.53360283
Malawi;MWI;2006;71.87183384
Malawi;MWI;2007;71.21084078
Malawi;MWI;2008;70.55072398
Malawi;MWI;2009;69.89048818
Malawi;MWI;2010;69.23030666
Malawi;MWI;2011;68.57027898
Malawi;MWI;2012;67.91066373
Malawi;MWI;2013;67.25150416
Malawi;MWI;2014;66.59311978
Malawi;MWI;2015;65.93552661
Malawi;MWI;2016;65.2790849
Malawi;MWI;2017;64.62384033
Malawi;MWI;2018;63.97000362
Malawi;MWI;2019;63.31782719
Malawi;MWI;2020;62.66745753
Malawi;MWI;2021;62.1914572
Malawi;MWI;2022;61.37307477
Maldives;MDV;2013;1.782912172
Maldives;MDV;2014;1.787512371
Maldives;MDV;2015;1.792134408
Maldives;MDV;2016;1.796778201
Maldives;MDV;2017;1.801432973
Maldives;MDV;2018;1.806109598
Maldives;MDV;2019;1.810808123
Maldives;MDV;2020;1.815517591
Maldives;MDV;2021;1.820248794
Mali;MLI;2014;53.79196417
Mali;MLI;2015;53.63670622
Mali;MLI;2016;53.48203584
Mali;MLI;2017;53.3279527
Mali;MLI;2018;53.17484187
Mali;MLI;2019;53.2251422
Mali;MLI;2020;52.87155422
Mali;MLI;2021;52.72156836
Mali;MLI;2022;52.57314771
Marshall Islands;MHL;2013;12.6818207
Marshall Islands;MHL;2014;12.66562387
Marshall Islands;MHL;2015;12.64983276
Marshall Islands;MHL;2016;12.63441214
Marshall Islands;MHL;2017;12.61939799
Marshall Islands;MHL;2018;12.60471692
Marshall Islands;MHL;2019;12.59044287
Marshall Islands;MHL;2020;12.57650142
Marshall Islands;MHL;2021;12.56289218
Mauritania;MRT;2009;25.25847837
Mauritania;MRT;2010;25.24641228
Mauritania;MRT;2011;25.23430605
Mauritania;MRT;2012;25.22217425
Mauritania;MRT;2013;25.21005451
Mauritania;MRT;2014;26.71801562
Mauritania;MRT;2015;28.19303894
Mauritania;MRT;2016;29.63587914
Mauritania;MRT;2017;31.4708679
Mauritania;MRT;2018;32.42760186
Mauritania;MRT;2019;33.77808003
Mauritania;MRT;2020;35.9953817
Mauritania;MRT;2021;36.39265216
Mauritania;MRT;2022;37.65857188
Mexico;MEX;2011;6.348312714
Mexico;MEX;2012;6.357617244
Mexico;MEX;2013;6.366921124
Mexico;MEX;2014;6.11004386
Mexico;MEX;2015;5.655024545
Mexico;MEX;2016;5.299044232
Mexico;MEX;2017;4.943000796
Mexico;MEX;2018;4.586925536
Mexico;MEX;2019;4.230819106
Mongolia;MNG;2004;1.475381154
Mongolia;MNG;2005;1.494223017
Mongolia;MNG;2006;1.512885774
Mongolia;MNG;2007;1.531333405
Mongolia;MNG;2008;1.549565865
Mongolia;MNG;2009;3.76168315
Mongolia;MNG;2010;4.575224828
Mongolia;MNG;2011;6.60903343
Mongolia;MNG;2012;7.547938551
Mongolia;MNG;2013;9.3311846
Mongolia;MNG;2014;10.51650789
Mongolia;MNG;2015;11.99799146
Mongolia;MNG;2016;13.47761958
Mongolia;MNG;2017;14.95549906
Mongolia;MNG;2018;16.42962224
Mongolia;MNG;2019;15.64651818
Mongolia;MNG;2020;13.64375592
Mongolia;MNG;2021;13.6340541
Mongolia;MNG;2022;13.6230647
Montenegro;MNE;2014;0.446435576
Montenegro;MNE;2015;0.446198262
Montenegro;MNE;2016;0.445960958
Montenegro;MNE;2017;0.445722936
Montenegro;MNE;2018;0.445484918
Montenegro;MNE;2019;0.445246194
Montenegro;MNE;2020;0.445006744
Montenegro;MNE;2021;0.444767312
Montenegro;MNE;2022;0.444527871
Mozambique;MOZ;2007;33.155988
Mozambique;MOZ;2008;32.95479823
Mozambique;MOZ;2009;32.89035938
Mozambique;MOZ;2010;32.82514089
Mozambique;MOZ;2011;32.75940292
Mozambique;MOZ;2012;32.69314591
Mozambique;MOZ;2013;32.62636954
Mozambique;MOZ;2014;32.55907247
Mozambique;MOZ;2015;32.49125674
Burma;MMR;2010;20.41728547
Burma;MMR;2011;20.40056497
Burma;MMR;2012;20.38375681
Burma;MMR;2013;20.36694874
Burma;MMR;2014;20.34996335
Burma;MMR;2015;20.33165953
Burma;MMR;2016;20.31194793
Burma;MMR;2017;20.29082673
Burma;MMR;2018;20.26821116
Burma;MMR;2019;20.24418673
Burma;MMR;2020;20.21875467
Burma;MMR;2021;20.1917388
Burma;MMR;2022;20.16331291
Namibia;NAM;2009;45.86794607
Namibia;NAM;2010;45.5711326
Namibia;NAM;2011;45.27256435
Namibia;NAM;2012;44.96376371
Namibia;NAM;2013;44.65291361
Namibia;NAM;2014;44.34001942
Namibia;NAM;2015;44.2595324
Namibia;NAM;2016;43.71568867
Namibia;NAM;2017;43.41039609
Nepal;NPL;2005;53.1648226
Nepal;NPL;2006;53.5925118
Nepal;NPL;2007;52.95165446
Nepal;NPL;2008;52.84237276
Nepal;NPL;2009;52.73140362
Nepal;NPL;2010;51.19958747
Nepal;NPL;2011;49.67669775
Nepal;NPL;2012;48.16186187
Nepal;NPL;2013;46.65638922
Nepal;NPL;2014;45.15984035
Nepal;NPL;2015;43.67318644
Nepal;NPL;2016;42.1963584
Nepal;NPL;2017;40.7300501
Nepal;NPL;2018;39.27450326
Nepal;NPL;2019;37.83037971
Nepal;NPL;2020;36.39795212
Nepal;NPL;2021;34.97784689
Nepal;NPL;2022;34.91400949
Niger;NER;2000;73.15801509
Niger;NER;2001;73.14311673
Niger;NER;2002;73.14412499
Niger;NER;2003;73.14492878
Niger;NER;2004;73.1457354
Niger;NER;2005;71.85465858
Niger;NER;2006;70.56324016
Niger;NER;2007;69.27167955
Niger;NER;2008;67.98009897
Niger;NER;2009;66.68823423
Niger;NER;2010;65.39621935
Niger;NER;2011;64.10414168
Niger;NER;2012;62.81182686
Niger;NER;2013;61.51936713
Niger;NER;2014;60.22643351
Niger;NER;2015;58.93382352
Niger;NER;2016;57.64242417
Niger;NER;2017;56.3531025
Niger;NER;2018;55.6667813
Niger;NER;2019;53.78409521
Niger;NER;2020;52.50625987
Niger;NER;2021;51.23398947
Niger;NER;2022;51.24877927
Nigeria;NGA;2011;31.42664925
Nigeria;NGA;2012;31.36034615
Nigeria;NGA;2013;31.29464654
Nigeria;NGA;2014;31.22955
Nigeria;NGA;2015;31.1650545
Nigeria;NGA;2016;31.1013877
Nigeria;NGA;2017;31.383999
Nigeria;NGA;2018;30.9762397
Nigeria;NGA;2019;30.91498587
Nigeria;NGA;2020;30.85463491
Nigeria;NGA;2021;30.79526324
Nigeria;NGA;2022;30.73687128
Macedonia, the former Yugoslav Republic of;MKD;2000;0.163059862
Macedonia, the former Yugoslav Republic of;MKD;2001;0.162921732
Macedonia, the former Yugoslav Republic of;MKD;2002;0.162783602
Macedonia, the former Yugoslav Republic of;MKD;2003;0.162645466
Macedonia, the former Yugoslav Republic of;MKD;2004;0.162506674
Macedonia, the former Yugoslav Republic of;MKD;2005;0.162388381
Macedonia, the former Yugoslav Republic of;MKD;2006;0.162289896
Macedonia, the former Yugoslav Republic of;MKD;2007;0.162211256
Macedonia, the former Yugoslav Republic of;MKD;2008;0.162152435
Macedonia, the former Yugoslav Republic of;MKD;2009;0.162114091
Macedonia, the former Yugoslav Republic of;MKD;2010;0.162095589
Macedonia, the former Yugoslav Republic of;MKD;2011;0.162097576
Macedonia, the former Yugoslav Republic of;MKD;2012;0.162119391
Macedonia, the former Yugoslav Republic of;MKD;2013;0.162161681
Macedonia, the former Yugoslav Republic of;MKD;2014;0.162224471
Macedonia, the former Yugoslav Republic of;MKD;2015;0.162306421
Macedonia, the former Yugoslav Republic of;MKD;2016;0.162408864
Macedonia, the former Yugoslav Republic of;MKD;2017;0.162531128
Macedonia, the former Yugoslav Republic of;MKD;2018;0.162673231
Macedonia, the former Yugoslav Republic of;MKD;2019;0.162835154
Macedonia, the former Yugoslav Republic of;MKD;2020;0.163016235
Macedonia, the former Yugoslav Republic of;MKD;2021;0.163217152
Macedonia, the former Yugoslav Republic of;MKD;2022;0.163436585
Pakistan;PAK;2007;38.1731753
Pakistan;PAK;2008;38.9684025
Pakistan;PAK;2009;38.2050348
Pakistan;PAK;2010;37.94379117
Pakistan;PAK;2011;37.86670213
Pakistan;PAK;2012;35.68602993
Pakistan;PAK;2013;33.51541749
Pakistan;PAK;2014;31.35419183
Pakistan;PAK;2015;29.20241466
Pakistan;PAK;2016;27.6016123
Pakistan;PAK;2017;24.9277356
Pakistan;PAK;2018;22.80176917
Pakistan;PAK;2019;20.68320836
Pakistan;PAK;2020;18.57325413
Pakistan;PAK;2021;16.47311828
Pakistan;PAK;2022;14.38411566
Papua New Guinea;PNG;2014;29.32139998
Papua New Guinea;PNG;2015;29.32051334
Papua New Guinea;PNG;2016;29.31910745
Papua New Guinea;PNG;2017;29.31718387
Papua New Guinea;PNG;2018;29.31470441
Papua New Guinea;PNG;2019;29.31170672
Papua New Guinea;PNG;2020;29.30819369
Papua New Guinea;PNG;2021;29.30408598
Papua New Guinea;PNG;2022;29.2994259
Paraguay;PRY;2012;17.82479193
Paraguay;PRY;2013;17.78814168
Paraguay;PRY;2014;17.75313529
Paraguay;PRY;2015;17.71825501
Paraguay;PRY;2016;17.6833757
Paraguay;PRY;2017;17.64874796
Paraguay;PRY;2018;17.61272986
Paraguay;PRY;2019;17.57557554
Paraguay;PRY;2020;17.53715603
Philippines;PHL;2011;11.6656298
Philippines;PHL;2012;11.66147183
Philippines;PHL;2013;11.65729201
Philippines;PHL;2014;11.65313468
Philippines;PHL;2015;11.64895455
Philippines;PHL;2016;11.64477505
Philippines;PHL;2017;11.6402451
Philippines;PHL;2018;11.63532154
Philippines;PHL;2019;11.63002589
Philippines;PHL;2020;11.62435807
Philippines;PHL;2021;11.61831835
Philippines;PHL;2022;11.61190643
Moldova, Republic of;MDA;2008;6.533382955
Moldova, Republic of;MDA;2009;6.535573888
Moldova, Republic of;MDA;2010;6.537765366
Moldova, Republic of;MDA;2011;6.539956394
Moldova, Republic of;MDA;2012;6.542147722
Moldova, Republic of;MDA;2013;6.544338699
Moldova, Republic of;MDA;2014;6.546529999
Moldova, Republic of;MDA;2015;6.546953981
Moldova, Republic of;MDA;2016;6.545469728
Rwanda;RWA;2000;0.
Rwanda;RWA;2001;0.
Rwanda;RWA;2002;0.
Rwanda;RWA;2003;0.160130322
Rwanda;RWA;2004;2.347443982
Rwanda;RWA;2005;4.732843762
Rwanda;RWA;2006;7.118208477
Rwanda;RWA;2007;9.503536551
Rwanda;RWA;2008;11.88882997
Rwanda;RWA;2009;14.27407608
Rwanda;RWA;2010;16.65929853
Rwanda;RWA;2011;19.4448583
Rwanda;RWA;2012;21.4296142
Rwanda;RWA;2013;23.81472907
Rwanda;RWA;2014;26.19925506
Rwanda;RWA;2015;28.58295059
Rwanda;RWA;2016;30.96568298
Rwanda;RWA;2017;33.34716864
Rwanda;RWA;2018;35.72718944
Rwanda;RWA;2019;38.1055891
Rwanda;RWA;2020;40.48210283
Rwanda;RWA;2021;42.85651038
Rwanda;RWA;2022;42.84665883
Saint Lucia;LCA;2008;7.437459428
Saint Lucia;LCA;2009;7.439676625
Saint Lucia;LCA;2010;7.44151952
Saint Lucia;LCA;2011;7.441519563
Saint Lucia;LCA;2012;7.441519402
Saint Lucia;LCA;2013;7.441493086
Saint Lucia;LCA;2014;7.441442043
Saint Lucia;LCA;2015;7.441362506
Saint Lucia;LCA;2016;7.441258519
Samoa;WSM;2016;25.84906619
Samoa;WSM;2017;25.87830175
Samoa;WSM;2018;25.90498435
Samoa;WSM;2019;25.92885749
Samoa;WSM;2020;25.95017764
Samoa;WSM;2021;25.96894616
Samoa;WSM;2022;25.98503096
Sao Tome and Principe;STP;2008;12.80798082
Sao Tome and Principe;STP;2009;12.77377788
Sao Tome and Principe;STP;2010;12.73999429
Sao Tome and Principe;STP;2011;12.70671909
Sao Tome and Principe;STP;2012;12.67392253
Sao Tome and Principe;STP;2013;13.1804687
Sao Tome and Principe;STP;2014;13.68293057
Sao Tome and Principe;STP;2015;14.18169341
Sao Tome and Principe;STP;2016;14.67706707
Sao Tome and Principe;STP;2017;15.16935401
Sao Tome and Principe;STP;2018;15.6588448
Sao Tome and Principe;STP;2019;16.14581947
Sao Tome and Principe;STP;2020;16.63054699
Sao Tome and Principe;STP;2021;17.11323213
Sao Tome and Principe;STP;2022;17.7642651
Senegal;SEN;2011;21.33426423
Senegal;SEN;2012;21.34264438
Senegal;SEN;2013;21.3510444
Senegal;SEN;2014;21.35946503
Senegal;SEN;2015;21.36806644
Senegal;SEN;2016;21.37683119
Senegal;SEN;2017;21.38579602
Senegal;SEN;2018;21.39492341
Senegal;SEN;2019;21.40423162
Senegal;SEN;2020;21.41370244
Senegal;SEN;2021;21.42335405
Senegal;SEN;2022;21.43316826
Serbia;SRB;2006;0.419514524
Serbia;SRB;2007;0.418450248
Serbia;SRB;2008;0.417390753
Serbia;SRB;2009;0.416331218
Serbia;SRB;2010;0.41527652
Serbia;SRB;2011;0.414216996
Serbia;SRB;2012;0.41354405
Serbia;SRB;2013;0.413004758
Serbia;SRB;2014;0.412460698
Sierra Leone;SLE;2004;45.34465341
Sierra Leone;SLE;2005;45.32604844
Sierra Leone;SLE;2006;45.30392845
Sierra Leone;SLE;2007;45.28169484
Sierra Leone;SLE;2008;45.25934485
Sierra Leone;SLE;2009;42.88710812
Sierra Leone;SLE;2010;40.51854742
Sierra Leone;SLE;2011;38.15363414
Sierra Leone;SLE;2012;35.79239706
Sierra Leone;SLE;2013;33.43493063
Sierra Leone;SLE;2014;31.8117761
Sierra Leone;SLE;2015;28.73119098
Sierra Leone;SLE;2016;26.38496872
Sierra Leone;SLE;2017;24.4243324
Sierra Leone;SLE;2018;21.70369637
Sierra Leone;SLE;2019;19.36892179
Sierra Leone;SLE;2020;17.3825267
Sierra Leone;SLE;2021;14.71183079
Sierra Leone;SLE;2022;12.38980172
Solomon Islands;SLB;2011;34.53725034
Solomon Islands;SLB;2012;34.40560299
Solomon Islands;SLB;2013;34.27367299
Solomon Islands;SLB;2014;34.14174025
Solomon Islands;SLB;2015;34.952482
Solomon Islands;SLB;2016;33.87759337
Solomon Islands;SLB;2017;33.7456627
Solomon Islands;SLB;2018;33.61373198
Solomon Islands;SLB;2019;33.48237123
Somalia;SOM;2013;54.47866218
Somalia;SOM;2014;54.46925581
Somalia;SOM;2015;54.45978001
Somalia;SOM;2016;54.45021873
Somalia;SOM;2017;54.44059462
Somalia;SOM;2018;54.43088326
Somalia;SOM;2019;54.42112523
Somalia;SOM;2020;54.41129773
Somalia;SOM;2021;54.40142033
Somalia;SOM;2022;54.39149205
South Africa;ZAF;2012;44.4069111
South Africa;ZAF;2013;43.95089601
South Africa;ZAF;2014;43.86144594
South Africa;ZAF;2015;43.77251227
South Africa;ZAF;2016;43.68409576
South Africa;ZAF;2017;43.59637106
South Africa;ZAF;2018;43.50933228
South Africa;ZAF;2019;43.42298368
South Africa;ZAF;2020;43.3371528
Sri Lanka;LKA;2017;3.353674151
Sri Lanka;LKA;2018;3.352176822
Sri Lanka;LKA;2019;3.350403138
Sri Lanka;LKA;2020;3.348320162
Sri Lanka;LKA;2021;3.345927857
Sri Lanka;LKA;2022;3.34322617
Palestinian Territory, Occupied;PSE;2014;4.469066924
Palestinian Territory, Occupied;PSE;2015;4.473113466
Palestinian Territory, Occupied;PSE;2016;4.47723932
Palestinian Territory, Occupied;PSE;2017;4.481460251
Palestinian Territory, Occupied;PSE;2018;4.485744938
Palestinian Territory, Occupied;PSE;2019;4.490124578
Palestinian Territory, Occupied;PSE;2020;4.494552078
Palestinian Territory, Occupied;PSE;2021;4.49905872
Palestinian Territory, Occupied;PSE;2022;4.503628993
Sudan;SDN;2010;15.86982374
Sudan;SDN;2011;15.86982374
Sudan;SDN;2012;15.86982374
Sudan;SDN;2013;17.61853275
Sudan;SDN;2014;19.36724176
Sudan;SDN;2015;21.11595078
Sudan;SDN;2016;22.86465979
Sudan;SDN;2017;24.6133688
Sudan;SDN;2018;26.36207781
Suriname;SUR;2014;16.83354397
Suriname;SUR;2015;16.83755067
Suriname;SUR;2016;16.83949377
Suriname;SUR;2017;16.83937266
Suriname;SUR;2018;16.83706468
Suriname;SUR;2019;16.83281468
Suriname;SUR;2020;16.82625785
Suriname;SUR;2021;16.8177578
Suriname;SUR;2022;16.807073
Syrian Arab Republic;SYR;2012;10.67688302
Syrian Arab Republic;SYR;2013;10.71129644
Syrian Arab Republic;SYR;2014;10.74581057
Syrian Arab Republic;SYR;2015;10.72340457
Syrian Arab Republic;SYR;2016;10.70103262
Syrian Arab Republic;SYR;2017;10.67872761
Syrian Arab Republic;SYR;2018;10.65652329
Syrian Arab Republic;SYR;2019;10.63441967
Syrian Arab Republic;SYR;2020;10.61248349
Syrian Arab Republic;SYR;2021;10.59071555
Syrian Arab Republic;SYR;2022;10.56908128
Tajikistan;TJK;2006;18.99324265
Tajikistan;TJK;2007;18.99298012
Tajikistan;TJK;2008;18.99271709
Tajikistan;TJK;2009;18.99245515
Tajikistan;TJK;2010;18.99219297
Tajikistan;TJK;2011;19.52112769
Tajikistan;TJK;2012;20.4685853
Tajikistan;TJK;2013;20.56954729
Tajikistan;TJK;2014;21.8866741
Tajikistan;TJK;2015;21.60411693
Tajikistan;TJK;2016;22.11549845
Tajikistan;TJK;2017;22.62255652
Tajikistan;TJK;2018;23.12520051
Tajikistan;TJK;2019;23.62285358
Tajikistan;TJK;2020;23.59015183
Tajikistan;TJK;2021;23.5536316
Tajikistan;TJK;2022;23.51345941
Thailand;THA;2010;9.433534233
Thailand;THA;2011;9.398498942
Thailand;THA;2012;9.367416447
Thailand;THA;2013;9.336291926
Thailand;THA;2014;9.30508467
Thailand;THA;2015;9.273836122
Thailand;THA;2016;9.242461986
Thailand;THA;2017;9.21117161
Thailand;THA;2018;9.180005686
Thailand;THA;2019;9.149089717
Thailand;THA;2020;9.118381728
Thailand;THA;2021;9.87881597
Thailand;THA;2022;9.5767308
Timor-Leste;TLS;2012;64.86325449
Timor-Leste;TLS;2013;64.80754256
Timor-Leste;TLS;2014;64.75135719
Timor-Leste;TLS;2015;64.6946965
Timor-Leste;TLS;2016;64.63755563
Timor-Leste;TLS;2017;64.58010135
Timor-Leste;TLS;2018;64.52200973
Timor-Leste;TLS;2019;64.46344174
Timor-Leste;TLS;2020;64.40423849
Togo;TGO;2004;15.83021968
Togo;TGO;2005;15.83763206
Togo;TGO;2006;15.84509243
Togo;TGO;2007;15.85260093
Togo;TGO;2008;15.8601742
Togo;TGO;2009;15.22472643
Togo;TGO;2010;14.59101166
Togo;TGO;2011;13.95947687
Togo;TGO;2012;13.33004013
Togo;TGO;2013;12.70243332
Togo;TGO;2014;12.767147
Togo;TGO;2015;11.45290017
Togo;TGO;2016;10.83112561
Togo;TGO;2017;10.21139609
Togo;TGO;2018;9.593743561
Togo;TGO;2019;8.978199246
Togo;TGO;2020;8.99773504
Togo;TGO;2021;9.17483065
Togo;TGO;2022;9.37407597
Tonga;TON;2015;28.51792146
Tonga;TON;2016;28.52665794
Tonga;TON;2017;28.53539468
Tonga;TON;2018;28.54165668
Tonga;TON;2019;28.54561394
Tonga;TON;2020;28.54693096
Tonga;TON;2021;28.54610855
Tonga;TON;2022;28.54264629
Trinidad and Tobago;TTO;2007;4.61864683
Trinidad and Tobago;TTO;2008;4.61864683
Trinidad and Tobago;TTO;2009;4.61864683
Trinidad and Tobago;TTO;2010;4.61864683
Trinidad and Tobago;TTO;2011;4.61864683
Trinidad and Tobago;TTO;2012;4.61864683
Trinidad and Tobago;TTO;2013;4.61864683
Trinidad and Tobago;TTO;2014;4.61864683
Trinidad and Tobago;TTO;2015;4.61864683
Tunisia;TUN;2006;8.46523532
Tunisia;TUN;2007;8.415362102
Tunisia;TUN;2008;8.365664119
Tunisia;TUN;2009;8.316140346
Tunisia;TUN;2010;8.266966826
Tunisia;TUN;2011;7.896277075
Tunisia;TUN;2012;7.532319088
Tunisia;TUN;2013;7.175336465
Tunisia;TUN;2014;6.824840059
Tunisia;TUN;2015;6.480014717
Tunisia;TUN;2016;6.141210257
Tunisia;TUN;2017;5.808638125
Tunisia;TUN;2018;5.482427854
Tunisia;TUN;2019;5.162894732
Tunisia;TUN;2020;4.850307026
Tunisia;TUN;2021;4.831773569
Tunisia;TUN;2022;4.812892578
Turkmenistan;TKM;2000;6.319332453
Turkmenistan;TKM;2001;5.949200273
Turkmenistan;TKM;2002;5.578426101
Turkmenistan;TKM;2003;5.206990127
Turkmenistan;TKM;2004;4.834892366
Turkmenistan;TKM;2005;4.46231907
Turkmenistan;TKM;2006;4.89215242
Turkmenistan;TKM;2007;3.715519344
Turkmenistan;TKM;2008;3.341132611
Turkmenistan;TKM;2009;2.966012684
Turkmenistan;TKM;2010;2.590074873
Turkmenistan;TKM;2011;2.213252642
Turkmenistan;TKM;2012;1.835481969
Turkmenistan;TKM;2013;1.456692426
Turkmenistan;TKM;2014;1.76814951
Turkmenistan;TKM;2015;0.69578328
Turkmenistan;TKM;2016;0.313530564
Turkmenistan;TKM;2017;0.
Turkmenistan;TKM;2018;0.
Turkmenistan;TKM;2019;0.
Turkmenistan;TKM;2020;0.
Turkmenistan;TKM;2021;0.
Turkmenistan;TKM;2022;0.
Turks and Caicos Islands;TCA;2016;4.526223866
Turks and Caicos Islands;TCA;2017;4.525424959
Turks and Caicos Islands;TCA;2018;4.524676897
Turks and Caicos Islands;TCA;2019;4.523979299
Turks and Caicos Islands;TCA;2020;4.52332674
Turks and Caicos Islands;TCA;2021;4.522717047
Turks and Caicos Islands;TCA;2022;4.522149862
Tuvalu;TUV;2016;5.20180664
Tuvalu;TUV;2017;5.231893192
Tuvalu;TUV;2018;5.261027906
Tuvalu;TUV;2019;5.2891768
Tuvalu;TUV;2020;5.316339944
Tuvalu;TUV;2021;5.342551014
Tuvalu;TUV;2022;5.36777633
Uganda;UGA;2000;19.88491053
Uganda;UGA;2001;20.84608376
Uganda;UGA;2002;21.79943716
Uganda;UGA;2003;22.74465636
Uganda;UGA;2004;23.68149561
Uganda;UGA;2005;24.60935286
Uganda;UGA;2006;25.52827067
Uganda;UGA;2007;26.43774174
Uganda;UGA;2008;27.33754481
Uganda;UGA;2009;28.22728583
Uganda;UGA;2010;29.1067041
Uganda;UGA;2011;29.97544863
Uganda;UGA;2012;30.83319238
Uganda;UGA;2013;31.67964733
Uganda;UGA;2014;32.51443685
Uganda;UGA;2015;33.33726241
Uganda;UGA;2016;34.14791209
Uganda;UGA;2017;34.9461313
Uganda;UGA;2018;35.73181288
Uganda;UGA;2019;36.50451425
Uganda;UGA;2020;37.26423484
Uganda;UGA;2021;38.1078533
Uganda;UGA;2022;38.74385845
Tanzania, United Republic of;TZA;2010;63.86921785
Tanzania, United Republic of;TZA;2011;63.77090676
Tanzania, United Republic of;TZA;2012;63.67101052
Tanzania, United Republic of;TZA;2013;63.56996824
Tanzania, United Republic of;TZA;2014;63.46821146
Tanzania, United Republic of;TZA;2015;63.36573121
Tanzania, United Republic of;TZA;2016;63.26281762
Tanzania, United Republic of;TZA;2017;63.15933273
Tanzania, United Republic of;TZA;2018;63.5541915
Tanzania, United Republic of;TZA;2019;62.9513553
Tanzania, United Republic of;TZA;2020;62.84686398
Tanzania, United Republic of;TZA;2021;62.74237285
Tanzania, United Republic of;TZA;2022;62.6377371
Uzbekistan;UZB;2018;0.84595884
Uzbekistan;UZB;2019;0.84520469
Uzbekistan;UZB;2020;0.84491981
Uzbekistan;UZB;2021;0.84510415
Uzbekistan;UZB;2022;0.84575779
Vanuatu;VUT;2007;33.15361256
Vanuatu;VUT;2008;33.11540891
Vanuatu;VUT;2009;33.7682187
Vanuatu;VUT;2010;33.5425847
Vanuatu;VUT;2011;33.4156598
Vanuatu;VUT;2012;32.41556934
Vanuatu;VUT;2013;31.7884108
Vanuatu;VUT;2014;31.16008841
Vanuatu;VUT;2015;30.53060332
Vanuatu;VUT;2016;29.89979721
Vanuatu;VUT;2017;29.26781834
Vanuatu;VUT;2018;28.63297426
Vanuatu;VUT;2019;27.99526765
Vanuatu;VUT;2020;27.35417844
Vanuatu;VUT;2021;26.1032726
Vanuatu;VUT;2022;21.8931876
Viet Nam;VNM;2005;14.14186135
Viet Nam;VNM;2006;14.8397729
Viet Nam;VNM;2007;14.2523533
Viet Nam;VNM;2008;13.96572981
Viet Nam;VNM;2009;13.90527083
Viet Nam;VNM;2010;13.57108148
Viet Nam;VNM;2011;13.23659705
Viet Nam;VNM;2012;12.90173226
Viet Nam;VNM;2013;12.56687073
Viet Nam;VNM;2014;12.23164529
Viet Nam;VNM;2015;11.89615736
Viet Nam;VNM;2016;11.56050976
Viet Nam;VNM;2017;11.22517083
Viet Nam;VNM;2018;10.89005203
Viet Nam;VNM;2019;10.55515508
Viet Nam;VNM;2020;10.22048448
Viet Nam;VNM;2021;9.886315998
Viet Nam;VNM;2022;9.552468228
Yemen;YEM;2009;27.79971095
Yemen;YEM;2010;27.74411077
Yemen;YEM;2011;27.68793514
Yemen;YEM;2012;27.63118793
Yemen;YEM;2013;27.57377321
Yemen;YEM;2014;27.51587795
Yemen;YEM;2015;27.45741135
Yemen;YEM;2016;27.3984669
Yemen;YEM;2017;27.33904431
Zambia;ZMB;2008;30.26804926
Zambia;ZMB;2009;30.3185288
Zambia;ZMB;2010;30.369419
Zambia;ZMB;2011;30.4205174
Zambia;ZMB;2012;30.47233498
Zambia;ZMB;2013;29.85171748
Zambia;ZMB;2014;29.22402328
Zambia;ZMB;2015;28.58928149
Zambia;ZMB;2016;27.94716568
Zambia;ZMB;2017;27.29760902
Zambia;ZMB;2018;26.64045517
Zambia;ZMB;2019;25.97549536
Zambia;ZMB;2020;25.30259796
Zambia;ZMB;2021;24.62162765
Zambia;ZMB;2022;23.9324502
Zimbabwe;ZWE;2009;54.43159282
Zimbabwe;ZWE;2010;54.46424594
Zimbabwe;ZWE;2011;54.49672097
Zimbabwe;ZWE;2012;54.52919255
Zimbabwe;ZWE;2013;54.56148654
Zimbabwe;ZWE;2014;54.58840243
Zimbabwe;ZWE;2015;54.60975107
Zimbabwe;ZWE;2016;54.62571803
Zimbabwe;ZWE;2017;54.636307
Zimbabwe;ZWE;2018;54.64132899
Zimbabwe;ZWE;2019;54.64114862
Zimbabwe;ZWE;2020;54.63540759
Zimbabwe;ZWE;2021;54.62446299
Zimbabwe;ZWE;2022;54.60795626